Mobility_key,Date,Subregion,Province,Retail_and_recreation,Grocery_and_phramacy,Parks,Transit_stations,Workplaces,Residential
0,2020-02-15,Ottawa Division,Ontario,13.0,6.0,68.0,3.0,1.0,-2.0
1,2020-02-16,Ottawa Division,Ontario,30.0,26.0,128.0,3.0,4.0,-4.0
2,2020-02-17,Ottawa Division,Ontario,-30.0,-53.0,52.0,-40.0,-62.0,14.0
3,2020-02-18,Ottawa Division,Ontario,-5.0,9.0,-8.0,-6.0,-2.0,1.0
4,2020-02-19,Ottawa Division,Ontario,0.0,6.0,-8.0,-8.0,1.0,0.0
5,2020-02-20,Ottawa Division,Ontario,6.0,4.0,0.0,-8.0,1.0,0.0
6,2020-02-21,Ottawa Division,Ontario,-1.0,0.0,9.0,-9.0,-8.0,2.0
7,2020-02-22,Ottawa Division,Ontario,17.0,11.0,54.0,5.0,4.0,-2.0
8,2020-02-23,Ottawa Division,Ontario,18.0,17.0,38.0,4.0,6.0,-2.0
9,2020-02-24,Ottawa Division,Ontario,4.0,5.0,13.0,-6.0,2.0,0.0
10,2020-02-25,Ottawa Division,Ontario,1.0,10.0,2.0,-6.0,3.0,-1.0
11,2020-02-26,Ottawa Division,Ontario,-5.0,6.0,-14.0,-2.0,1.0,1.0
12,2020-02-27,Ottawa Division,Ontario,-25.0,-25.0,-29.0,-22.0,-31.0,13.0
13,2020-02-28,Ottawa Division,Ontario,-2.0,3.0,-12.0,2.0,-3.0,2.0
14,2020-02-29,Ottawa Division,Ontario,13.0,13.0,-8.0,4.0,7.0,-2.0
15,2020-03-01,Ottawa Division,Ontario,17.0,22.0,17.0,3.0,9.0,-2.0
16,2020-03-02,Ottawa Division,Ontario,2.0,6.0,-7.0,-5.0,4.0,0.0
17,2020-03-03,Ottawa Division,Ontario,0.0,5.0,-10.0,-2.0,4.0,0.0
18,2020-03-04,Ottawa Division,Ontario,3.0,9.0,-9.0,-2.0,5.0,0.0
19,2020-03-05,Ottawa Division,Ontario,9.0,8.0,-5.0,-4.0,-1.0,0.0
20,2020-03-06,Ottawa Division,Ontario,-3.0,-2.0,-10.0,-1.0,5.0,1.0
21,2020-03-07,Ottawa Division,Ontario,18.0,12.0,16.0,5.0,6.0,-3.0
22,2020-03-08,Ottawa Division,Ontario,16.0,20.0,30.0,0.0,6.0,-2.0
23,2020-03-09,Ottawa Division,Ontario,4.0,8.0,11.0,-8.0,3.0,0.0
24,2020-03-10,Ottawa Division,Ontario,-2.0,4.0,-9.0,-8.0,3.0,1.0
25,2020-03-11,Ottawa Division,Ontario,2.0,12.0,-7.0,-5.0,3.0,0.0
26,2020-03-12,Ottawa Division,Ontario,8.0,35.0,-3.0,-8.0,0.0,1.0
27,2020-03-13,Ottawa Division,Ontario,-8.0,41.0,-22.0,-18.0,-6.0,5.0
28,2020-03-14,Ottawa Division,Ontario,-9.0,24.0,3.0,-17.0,-2.0,3.0
29,2020-03-15,Ottawa Division,Ontario,-13.0,14.0,10.0,-25.0,-6.0,3.0
30,2020-03-16,Ottawa Division,Ontario,-25.0,17.0,-23.0,-52.0,-48.0,17.0
31,2020-03-17,Ottawa Division,Ontario,-43.0,-5.0,-35.0,-59.0,-59.0,22.0
32,2020-03-18,Ottawa Division,Ontario,-46.0,-9.0,-23.0,-61.0,-61.0,23.0
33,2020-03-19,Ottawa Division,Ontario,-47.0,-11.0,-20.0,-64.0,-64.0,24.0
34,2020-03-20,Ottawa Division,Ontario,-54.0,-19.0,-35.0,-64.0,-64.0,26.0
35,2020-03-21,Ottawa Division,Ontario,-55.0,-24.0,-9.0,-54.0,-39.0,13.0
36,2020-03-22,Ottawa Division,Ontario,-53.0,-24.0,21.0,-58.0,-39.0,10.0
37,2020-03-23,Ottawa Division,Ontario,-55.0,-27.0,-53.0,-74.0,-68.0,26.0
38,2020-03-24,Ottawa Division,Ontario,-56.0,-23.0,-30.0,-73.0,-70.0,27.0
39,2020-03-25,Ottawa Division,Ontario,-62.0,-33.0,-39.0,-74.0,-72.0,29.0
40,2020-03-26,Ottawa Division,Ontario,-61.0,-33.0,-47.0,-76.0,-73.0,30.0
41,2020-03-27,Ottawa Division,Ontario,-61.0,-28.0,-3.0,-71.0,-71.0,29.0
42,2020-03-28,Ottawa Division,Ontario,-62.0,-34.0,-13.0,-66.0,-49.0,14.0
43,2020-03-29,Ottawa Division,Ontario,-66.0,-44.0,-61.0,-76.0,-48.0,14.0
44,2020-03-30,Ottawa Division,Ontario,-61.0,-34.0,-50.0,-77.0,-74.0,28.0
45,2020-03-31,Ottawa Division,Ontario,-56.0,-25.0,-18.0,-72.0,-74.0,27.0
46,2020-04-01,Ottawa Division,Ontario,-58.0,-31.0,-28.0,-72.0,-73.0,28.0
47,2020-04-02,Ottawa Division,Ontario,-58.0,-30.0,-25.0,-74.0,-74.0,29.0
48,2020-04-03,Ottawa Division,Ontario,-63.0,-33.0,-44.0,-75.0,-73.0,31.0
49,2020-04-04,Ottawa Division,Ontario,-60.0,-34.0,12.0,-59.0,-48.0,14.0
50,2020-04-05,Ottawa Division,Ontario,-63.0,-38.0,-21.0,-70.0,-48.0,13.0
51,2020-04-06,Ottawa Division,Ontario,-59.0,-31.0,-11.0,-74.0,-74.0,27.0
52,2020-04-07,Ottawa Division,Ontario,-60.0,-28.0,-28.0,-75.0,-74.0,28.0
53,2020-04-08,Ottawa Division,Ontario,-59.0,-24.0,-45.0,-75.0,-74.0,29.0
54,2020-04-09,Ottawa Division,Ontario,-53.0,-6.0,-53.0,-77.0,-75.0,29.0
55,2020-04-10,Ottawa Division,Ontario,-86.0,-80.0,-54.0,-85.0,-89.0,38.0
56,2020-04-11,Ottawa Division,Ontario,-56.0,-14.0,-18.0,-63.0,-48.0,14.0
57,2020-04-12,Ottawa Division,Ontario,-83.0,-79.0,-15.0,-72.0,-58.0,14.0
58,2020-04-13,Ottawa Division,Ontario,-64.0,-36.0,-64.0,-83.0,-80.0,31.0
59,2020-04-14,Ottawa Division,Ontario,-59.0,-23.0,-40.0,-77.0,-74.0,29.0
60,2020-04-15,Ottawa Division,Ontario,-59.0,-27.0,-48.0,-76.0,-74.0,29.0
61,2020-04-16,Ottawa Division,Ontario,-59.0,-27.0,-39.0,-76.0,-74.0,30.0
62,2020-04-17,Ottawa Division,Ontario,-62.0,-30.0,-33.0,-74.0,-72.0,31.0
63,2020-04-18,Ottawa Division,Ontario,-61.0,-32.0,7.0,-59.0,-43.0,14.0
64,2020-04-19,Ottawa Division,Ontario,-65.0,-42.0,-50.0,-74.0,-46.0,14.0
65,2020-04-20,Ottawa Division,Ontario,-58.0,-29.0,-16.0,-74.0,-73.0,27.0
66,2020-04-21,Ottawa Division,Ontario,-62.0,-36.0,-59.0,-78.0,-74.0,30.0
67,2020-04-22,Ottawa Division,Ontario,-60.0,-31.0,-53.0,-77.0,-73.0,30.0
68,2020-04-23,Ottawa Division,Ontario,-56.0,-23.0,-22.0,-73.0,-73.0,29.0
69,2020-04-24,Ottawa Division,Ontario,-63.0,-29.0,-29.0,-73.0,-71.0,30.0
70,2020-04-25,Ottawa Division,Ontario,-59.0,-28.0,31.0,-56.0,-41.0,13.0
71,2020-04-26,Ottawa Division,Ontario,-59.0,-31.0,-10.0,-66.0,-41.0,12.0
72,2020-04-27,Ottawa Division,Ontario,-57.0,-26.0,-16.0,-73.0,-72.0,27.0
73,2020-04-28,Ottawa Division,Ontario,-55.0,-23.0,-1.0,-70.0,-72.0,27.0
74,2020-04-29,Ottawa Division,Ontario,-56.0,-27.0,-31.0,-73.0,-71.0,28.0
75,2020-04-30,Ottawa Division,Ontario,-57.0,-28.0,-59.0,-77.0,-72.0,30.0
76,2020-05-01,Ottawa Division,Ontario,-57.0,-22.0,-14.0,-70.0,-70.0,29.0
77,2020-05-02,Ottawa Division,Ontario,-55.0,-26.0,30.0,-56.0,-37.0,12.0
78,2020-05-03,Ottawa Division,Ontario,-51.0,-24.0,53.0,-59.0,-35.0,10.0
79,2020-05-04,Ottawa Division,Ontario,-54.0,-25.0,-27.0,-74.0,-71.0,27.0
80,2020-05-05,Ottawa Division,Ontario,-53.0,-22.0,-12.0,-71.0,-71.0,27.0
81,2020-05-06,Ottawa Division,Ontario,-53.0,-21.0,-5.0,-70.0,-70.0,27.0
82,2020-05-07,Ottawa Division,Ontario,-53.0,-20.0,-10.0,-72.0,-70.0,28.0
83,2020-05-08,Ottawa Division,Ontario,-58.0,-22.0,-27.0,-72.0,-68.0,29.0
84,2020-05-09,Ottawa Division,Ontario,-53.0,-17.0,-34.0,-67.0,-36.0,14.0
85,2020-05-10,Ottawa Division,Ontario,-43.0,-12.0,46.0,-61.0,-27.0,9.0
86,2020-05-11,Ottawa Division,Ontario,-53.0,-25.0,-2.0,-73.0,-69.0,26.0
87,2020-05-12,Ottawa Division,Ontario,-52.0,-22.0,-13.0,-73.0,-69.0,27.0
88,2020-05-13,Ottawa Division,Ontario,-49.0,-19.0,15.0,-69.0,-68.0,26.0
89,2020-05-14,Ottawa Division,Ontario,-48.0,-17.0,12.0,-69.0,-69.0,26.0
90,2020-05-15,Ottawa Division,Ontario,-55.0,-23.0,-29.0,-72.0,-68.0,29.0
91,2020-05-16,Ottawa Division,Ontario,-48.0,-18.0,68.0,-52.0,-30.0,10.0
92,2020-05-17,Ottawa Division,Ontario,-37.0,-7.0,121.0,-55.0,-24.0,8.0
93,2020-05-18,Ottawa Division,Ontario,-67.0,-62.0,93.0,-76.0,-85.0,27.0
94,2020-05-19,Ottawa Division,Ontario,-40.0,-4.0,17.0,-69.0,-67.0,24.0
95,2020-05-20,Ottawa Division,Ontario,-39.0,-7.0,43.0,-66.0,-66.0,24.0
96,2020-05-21,Ottawa Division,Ontario,-39.0,-9.0,50.0,-67.0,-67.0,24.0
97,2020-05-22,Ottawa Division,Ontario,-45.0,-14.0,55.0,-66.0,-63.0,24.0
98,2020-05-23,Ottawa Division,Ontario,-40.0,-13.0,117.0,-48.0,-21.0,8.0
99,2020-05-24,Ottawa Division,Ontario,-35.0,-14.0,145.0,-52.0,-19.0,6.0
100,2020-05-25,Ottawa Division,Ontario,-41.0,-16.0,20.0,-69.0,-67.0,23.0
101,2020-05-26,Ottawa Division,Ontario,-42.0,-17.0,16.0,-69.0,-66.0,24.0
102,2020-05-27,Ottawa Division,Ontario,-40.0,-13.0,23.0,-67.0,-65.0,24.0
103,2020-05-28,Ottawa Division,Ontario,-39.0,-11.0,9.0,-68.0,-65.0,24.0
104,2020-05-29,Ottawa Division,Ontario,-44.0,-15.0,14.0,-65.0,-62.0,25.0
105,2020-05-30,Ottawa Division,Ontario,-41.0,-16.0,38.0,-52.0,-16.0,10.0
106,2020-05-31,Ottawa Division,Ontario,-34.0,-9.0,86.0,-55.0,-12.0,6.0
107,2020-06-01,Ottawa Division,Ontario,-37.0,-13.0,32.0,-67.0,-64.0,22.0
108,2020-06-02,Ottawa Division,Ontario,-41.0,-17.0,-5.0,-70.0,-64.0,24.0
109,2020-06-03,Ottawa Division,Ontario,-40.0,-12.0,17.0,-67.0,-63.0,23.0
110,2020-06-04,Ottawa Division,Ontario,-35.0,-9.0,73.0,-64.0,-62.0,22.0
111,2020-06-05,Ottawa Division,Ontario,-42.0,-14.0,99.0,-62.0,-60.0,22.0
112,2020-06-06,Ottawa Division,Ontario,-38.0,-13.0,85.0,-52.0,-13.0,8.0
113,2020-06-07,Ottawa Division,Ontario,-30.0,-9.0,184.0,-52.0,-7.0,4.0
114,2020-06-08,Ottawa Division,Ontario,-34.0,-11.0,64.0,-65.0,-62.0,21.0
115,2020-06-09,Ottawa Division,Ontario,-37.0,-13.0,38.0,-67.0,-62.0,22.0
116,2020-06-10,Ottawa Division,Ontario,-36.0,-11.0,20.0,-66.0,-62.0,23.0
117,2020-06-11,Ottawa Division,Ontario,-33.0,-8.0,57.0,-65.0,-61.0,22.0
118,2020-06-12,Ottawa Division,Ontario,-37.0,-11.0,48.0,-62.0,-58.0,21.0
119,2020-06-13,Ottawa Division,Ontario,-32.0,-13.0,99.0,-47.0,-6.0,6.0
120,2020-06-14,Ottawa Division,Ontario,-24.0,-9.0,195.0,-48.0,-1.0,3.0
121,2020-06-15,Ottawa Division,Ontario,-26.0,-6.0,84.0,-63.0,-61.0,19.0
122,2020-06-16,Ottawa Division,Ontario,-28.0,-7.0,83.0,-63.0,-60.0,20.0
123,2020-06-17,Ottawa Division,Ontario,-29.0,-6.0,76.0,-61.0,-60.0,20.0
124,2020-06-18,Ottawa Division,Ontario,-27.0,-5.0,81.0,-62.0,-60.0,20.0
125,2020-06-19,Ottawa Division,Ontario,-34.0,-8.0,81.0,-59.0,-57.0,19.0
126,2020-06-20,Ottawa Division,Ontario,-30.0,-8.0,130.0,-44.0,-2.0,3.0
127,2020-06-21,Ottawa Division,Ontario,-23.0,-8.0,150.0,-52.0,5.0,0.0
128,2020-06-22,Ottawa Division,Ontario,-30.0,-14.0,30.0,-65.0,-62.0,20.0
129,2020-06-23,Ottawa Division,Ontario,-30.0,-10.0,34.0,-64.0,-61.0,21.0
130,2020-06-24,Ottawa Division,Ontario,-23.0,-2.0,50.0,-60.0,-59.0,20.0
131,2020-06-25,Ottawa Division,Ontario,-25.0,-6.0,72.0,-61.0,-59.0,20.0
132,2020-06-26,Ottawa Division,Ontario,-33.0,-10.0,85.0,-58.0,-56.0,18.0
133,2020-06-27,Ottawa Division,Ontario,-31.0,-14.0,67.0,-47.0,-8.0,6.0
134,2020-06-28,Ottawa Division,Ontario,-24.0,-9.0,131.0,-48.0,4.0,2.0
135,2020-06-29,Ottawa Division,Ontario,-21.0,1.0,62.0,-61.0,-59.0,18.0
136,2020-06-30,Ottawa Division,Ontario,-11.0,28.0,71.0,-59.0,-58.0,16.0
137,2020-07-01,Ottawa Division,Ontario,-60.0,-57.0,194.0,-68.0,-79.0,19.0
138,2020-07-02,Ottawa Division,Ontario,-26.0,-1.0,22.0,-62.0,-62.0,19.0
139,2020-07-03,Ottawa Division,Ontario,-31.0,-4.0,84.0,-57.0,-58.0,17.0
140,2020-07-04,Ottawa Division,Ontario,-29.0,-10.0,157.0,-39.0,-3.0,3.0
141,2020-07-05,Ottawa Division,Ontario,-22.0,-5.0,177.0,-42.0,1.0,0.0
142,2020-07-06,Ottawa Division,Ontario,-22.0,-1.0,87.0,-59.0,-60.0,17.0
143,2020-07-07,Ottawa Division,Ontario,-26.0,-6.0,62.0,-60.0,-60.0,19.0
144,2020-07-08,Ottawa Division,Ontario,-25.0,-3.0,56.0,-59.0,-58.0,19.0
145,2020-07-09,Ottawa Division,Ontario,-25.0,-2.0,48.0,-60.0,-58.0,19.0
146,2020-07-10,Ottawa Division,Ontario,-32.0,-8.0,57.0,-59.0,-56.0,18.0
147,2020-07-11,Ottawa Division,Ontario,-29.0,-9.0,36.0,-44.0,-7.0,6.0
148,2020-07-12,Ottawa Division,Ontario,-21.0,-3.0,150.0,-44.0,1.0,2.0
149,2020-07-13,Ottawa Division,Ontario,-23.0,-4.0,75.0,-58.0,-59.0,17.0
150,2020-07-14,Ottawa Division,Ontario,-24.0,-5.0,78.0,-59.0,-59.0,18.0
151,2020-07-15,Ottawa Division,Ontario,-23.0,-4.0,78.0,-58.0,-57.0,17.0
152,2020-07-16,Ottawa Division,Ontario,-23.0,-1.0,43.0,-60.0,-58.0,19.0
153,2020-07-17,Ottawa Division,Ontario,-28.0,-5.0,92.0,-55.0,-55.0,16.0
154,2020-07-18,Ottawa Division,Ontario,-26.0,-8.0,164.0,-38.0,0.0,2.0
155,2020-07-19,Ottawa Division,Ontario,-22.0,-7.0,104.0,-46.0,-1.0,1.0
156,2020-07-20,Ottawa Division,Ontario,-20.0,-1.0,81.0,-59.0,-58.0,17.0
157,2020-07-21,Ottawa Division,Ontario,-22.0,-4.0,92.0,-59.0,-57.0,17.0
158,2020-07-22,Ottawa Division,Ontario,-25.0,-5.0,20.0,-61.0,-57.0,19.0
159,2020-07-23,Ottawa Division,Ontario,-20.0,-1.0,80.0,-58.0,-57.0,18.0
160,2020-07-24,Ottawa Division,Ontario,-28.0,-5.0,103.0,-56.0,-54.0,16.0
161,2020-07-25,Ottawa Division,Ontario,-25.0,-9.0,176.0,-39.0,-1.0,2.0
162,2020-07-26,Ottawa Division,Ontario,-19.0,-5.0,153.0,-44.0,1.0,0.0
163,2020-07-27,Ottawa Division,Ontario,-22.0,-3.0,39.0,-62.0,-60.0,18.0
164,2020-07-28,Ottawa Division,Ontario,-22.0,-2.0,88.0,-60.0,-58.0,17.0
165,2020-07-29,Ottawa Division,Ontario,-23.0,-4.0,30.0,-59.0,-58.0,18.0
166,2020-07-30,Ottawa Division,Ontario,-19.0,2.0,54.0,-57.0,-58.0,17.0
167,2020-07-31,Ottawa Division,Ontario,-25.0,0.0,107.0,-51.0,-56.0,14.0
168,2020-08-01,Ottawa Division,Ontario,-26.0,-9.0,181.0,-32.0,-2.0,0.0
169,2020-08-02,Ottawa Division,Ontario,-25.0,-11.0,2.0,-46.0,-7.0,3.0
170,2020-08-03,Ottawa Division,Ontario,-35.0,-24.0,137.0,-67.0,-77.0,17.0
171,2020-08-04,Ottawa Division,Ontario,-27.0,-8.0,-21.0,-62.0,-61.0,19.0
172,2020-08-05,Ottawa Division,Ontario,-20.0,1.0,59.0,-60.0,-58.0,17.0
173,2020-08-06,Ottawa Division,Ontario,-16.0,0.0,107.0,-59.0,-57.0,16.0
174,2020-08-07,Ottawa Division,Ontario,-26.0,-7.0,100.0,-57.0,-55.0,15.0
175,2020-08-08,Ottawa Division,Ontario,-23.0,-10.0,186.0,-38.0,0.0,1.0
176,2020-08-09,Ottawa Division,Ontario,-20.0,-6.0,83.0,-47.0,-1.0,1.0
177,2020-08-10,Ottawa Division,Ontario,-20.0,-6.0,55.0,-63.0,-59.0,17.0
178,2020-08-11,Ottawa Division,Ontario,-24.0,-8.0,33.0,-62.0,-58.0,18.0
179,2020-08-12,Ottawa Division,Ontario,-19.0,-3.0,89.0,-58.0,-57.0,16.0
180,2020-08-13,Ottawa Division,Ontario,-18.0,-3.0,91.0,-59.0,-57.0,16.0
181,2020-08-14,Ottawa Division,Ontario,-26.0,-6.0,104.0,-56.0,-55.0,15.0
182,2020-08-15,Ottawa Division,Ontario,-22.0,-9.0,212.0,-36.0,-1.0,0.0
183,2020-08-16,Ottawa Division,Ontario,-20.0,-10.0,94.0,-46.0,-1.0,0.0
184,2020-08-17,Ottawa Division,Ontario,-20.0,-7.0,40.0,-61.0,-60.0,17.0
185,2020-08-18,Ottawa Division,Ontario,-20.0,-6.0,63.0,-60.0,-57.0,17.0
186,2020-08-19,Ottawa Division,Ontario,-19.0,-4.0,76.0,-57.0,-56.0,16.0
187,2020-08-20,Ottawa Division,Ontario,-18.0,-2.0,38.0,-61.0,-57.0,16.0
188,2020-08-21,Ottawa Division,Ontario,-26.0,-6.0,72.0,-58.0,-54.0,15.0
189,2020-08-22,Ottawa Division,Ontario,-21.0,-9.0,,-36.0,0.0,0.0
190,2020-08-23,Ottawa Division,Ontario,-16.0,-3.0,,-44.0,2.0,0.0
191,2020-08-24,Ottawa Division,Ontario,-20.0,-5.0,49.0,-63.0,-59.0,16.0
192,2020-08-25,Ottawa Division,Ontario,-20.0,-5.0,59.0,-61.0,-57.0,16.0
193,2020-08-26,Ottawa Division,Ontario,-19.0,-3.0,69.0,-59.0,-56.0,15.0
194,2020-08-27,Ottawa Division,Ontario,-18.0,-4.0,18.0,-61.0,-57.0,17.0
195,2020-08-28,Ottawa Division,Ontario,-24.0,-7.0,91.0,-56.0,-53.0,14.0
196,2020-08-29,Ottawa Division,Ontario,-23.0,-8.0,15.0,-47.0,-8.0,5.0
197,2020-08-30,Ottawa Division,Ontario,-9.0,2.0,,-40.0,4.0,-1.0
198,2020-08-31,Ottawa Division,Ontario,-14.0,-2.0,91.0,-59.0,-58.0,14.0
199,2020-09-01,Ottawa Division,Ontario,-18.0,-4.0,47.0,-59.0,-57.0,16.0
200,2020-09-02,Ottawa Division,Ontario,-22.0,-6.0,8.0,-62.0,-57.0,17.0
201,2020-09-03,Ottawa Division,Ontario,-13.0,2.0,77.0,-56.0,-56.0,15.0
202,2020-09-04,Ottawa Division,Ontario,-22.0,-5.0,61.0,-54.0,-53.0,14.0
203,2020-09-05,Ottawa Division,Ontario,-18.0,-5.0,,-40.0,-4.0,1.0
204,2020-09-06,Ottawa Division,Ontario,-3.0,9.0,,-39.0,4.0,-2.0
205,2020-09-07,Ottawa Division,Ontario,-57.0,-55.0,29.0,-77.0,-84.0,21.0
206,2020-09-08,Ottawa Division,Ontario,-17.0,6.0,13.0,-58.0,-58.0,16.0
207,2020-09-09,Ottawa Division,Ontario,-24.0,-7.0,2.0,-61.0,-57.0,18.0
208,2020-09-10,Ottawa Division,Ontario,-18.0,-1.0,21.0,-58.0,-56.0,17.0
209,2020-09-11,Ottawa Division,Ontario,-24.0,-9.0,78.0,-53.0,-52.0,15.0
210,2020-09-12,Ottawa Division,Ontario,-15.0,-3.0,175.0,-36.0,0.0,2.0
211,2020-09-13,Ottawa Division,Ontario,-17.0,-3.0,37.0,-46.0,-2.0,4.0
212,2020-09-14,Ottawa Division,Ontario,-19.0,-6.0,57.0,-59.0,-55.0,16.0
213,2020-09-15,Ottawa Division,Ontario,-21.0,-8.0,24.0,-59.0,-53.0,17.0
214,2020-09-16,Ottawa Division,Ontario,-22.0,-9.0,58.0,-59.0,-54.0,16.0
215,2020-09-17,Ottawa Division,Ontario,-19.0,-4.0,42.0,-58.0,-54.0,17.0
216,2020-09-18,Ottawa Division,Ontario,-26.0,-11.0,42.0,-56.0,-50.0,16.0
217,2020-09-19,Ottawa Division,Ontario,-18.0,-4.0,113.0,-42.0,-1.0,3.0
218,2020-09-20,Ottawa Division,Ontario,-13.0,1.0,131.0,-46.0,3.0,1.0
219,2020-09-21,Ottawa Division,Ontario,-22.0,-8.0,51.0,-61.0,-57.0,16.0
220,2020-09-22,Ottawa Division,Ontario,-25.0,-8.0,32.0,-60.0,-54.0,17.0
221,2020-09-23,Ottawa Division,Ontario,-26.0,-9.0,41.0,-62.0,-53.0,17.0
222,2020-09-24,Ottawa Division,Ontario,-25.0,-7.0,9.0,-62.0,-53.0,18.0
223,2020-09-25,Ottawa Division,Ontario,-29.0,-10.0,39.0,-58.0,-49.0,16.0
224,2020-09-26,Ottawa Division,Ontario,-21.0,-6.0,131.0,-46.0,0.0,3.0
225,2020-09-27,Ottawa Division,Ontario,-17.0,-1.0,117.0,-47.0,4.0,1.0
226,2020-09-28,Ottawa Division,Ontario,-25.0,-8.0,47.0,-63.0,-55.0,17.0
227,2020-09-29,Ottawa Division,Ontario,-28.0,-9.0,-6.0,-64.0,-54.0,18.0
228,2020-09-30,Ottawa Division,Ontario,-27.0,-6.0,-14.0,-65.0,-54.0,19.0
229,2020-10-01,Ottawa Division,Ontario,-23.0,-2.0,9.0,-61.0,-52.0,18.0
230,2020-10-02,Ottawa Division,Ontario,-33.0,-12.0,-8.0,-62.0,-49.0,19.0
231,2020-10-03,Ottawa Division,Ontario,-22.0,-3.0,78.0,-47.0,-3.0,5.0
232,2020-10-04,Ottawa Division,Ontario,-20.0,0.0,50.0,-53.0,-1.0,4.0
233,2020-10-05,Ottawa Division,Ontario,-27.0,-7.0,6.0,-65.0,-56.0,18.0
234,2020-10-06,Ottawa Division,Ontario,-28.0,-6.0,-4.0,-64.0,-53.0,18.0
235,2020-10-07,Ottawa Division,Ontario,-32.0,-9.0,-26.0,-68.0,-53.0,19.0
236,2020-10-08,Ottawa Division,Ontario,-24.0,3.0,5.0,-61.0,-52.0,18.0
237,2020-10-09,Ottawa Division,Ontario,-29.0,0.0,19.0,-57.0,-50.0,17.0
238,2020-10-10,Ottawa Division,Ontario,-29.0,1.0,89.0,-49.0,-4.0,6.0
239,2020-10-11,Ottawa Division,Ontario,-27.0,4.0,96.0,-51.0,0.0,3.0
240,2020-10-12,Ottawa Division,Ontario,-70.0,-62.0,42.0,-81.0,-84.0,24.0
241,2020-10-13,Ottawa Division,Ontario,-34.0,-7.0,-28.0,-65.0,-55.0,20.0
242,2020-10-14,Ottawa Division,Ontario,-31.0,-6.0,23.0,-63.0,-53.0,19.0
243,2020-10-15,Ottawa Division,Ontario,-33.0,-9.0,-25.0,-64.0,-54.0,21.0
244,2020-10-16,Ottawa Division,Ontario,-35.0,-8.0,-3.0,-61.0,-50.0,20.0
245,2020-10-17,Ottawa Division,Ontario,-25.0,-2.0,107.0,-46.0,-7.0,6.0
246,2020-10-18,Ottawa Division,Ontario,-25.0,-1.0,55.0,-52.0,-6.0,6.0
247,2020-10-19,Ottawa Division,Ontario,-34.0,-12.0,-19.0,-66.0,-57.0,20.0
248,2020-10-20,Ottawa Division,Ontario,-31.0,-7.0,0.0,-63.0,-54.0,19.0
249,2020-10-21,Ottawa Division,Ontario,-36.0,-13.0,-25.0,-67.0,-54.0,21.0
250,2020-10-22,Ottawa Division,Ontario,-30.0,-4.0,0.0,-61.0,-53.0,19.0
251,2020-10-23,Ottawa Division,Ontario,-30.0,-8.0,76.0,-56.0,-48.0,17.0
252,2020-10-24,Ottawa Division,Ontario,-27.0,-1.0,38.0,-49.0,-8.0,7.0
253,2020-10-25,Ottawa Division,Ontario,-23.0,1.0,60.0,-51.0,-4.0,5.0
254,2020-10-26,Ottawa Division,Ontario,-35.0,-13.0,-31.0,-66.0,-56.0,20.0
255,2020-10-27,Ottawa Division,Ontario,-31.0,-5.0,-15.0,-63.0,-53.0,19.0
256,2020-10-28,Ottawa Division,Ontario,-31.0,-6.0,-9.0,-63.0,-52.0,19.0
257,2020-10-29,Ottawa Division,Ontario,-28.0,-2.0,-21.0,-63.0,-52.0,19.0
258,2020-10-30,Ottawa Division,Ontario,-32.0,-3.0,-2.0,-59.0,-48.0,19.0
259,2020-10-31,Ottawa Division,Ontario,-26.0,3.0,51.0,-47.0,-6.0,6.0
260,2020-11-01,Ottawa Division,Ontario,-29.0,-3.0,-21.0,-56.0,-9.0,6.0
261,2020-11-02,Ottawa Division,Ontario,-35.0,-12.0,-29.0,-67.0,-55.0,19.0
262,2020-11-03,Ottawa Division,Ontario,-36.0,-15.0,-36.0,-66.0,-53.0,20.0
263,2020-11-04,Ottawa Division,Ontario,-35.0,-12.0,-14.0,-67.0,-52.0,20.0
264,2020-11-05,Ottawa Division,Ontario,-29.0,-7.0,10.0,-62.0,-51.0,19.0
265,2020-11-06,Ottawa Division,Ontario,-33.0,-11.0,21.0,-59.0,-48.0,19.0
266,2020-11-07,Ottawa Division,Ontario,-20.0,-3.0,114.0,-47.0,-2.0,5.0
267,2020-11-08,Ottawa Division,Ontario,-15.0,1.0,143.0,-49.0,2.0,3.0
268,2020-11-09,Ottawa Division,Ontario,-27.0,-8.0,34.0,-64.0,-53.0,18.0
269,2020-11-10,Ottawa Division,Ontario,-25.0,-6.0,20.0,-60.0,-50.0,18.0
270,2020-11-11,Ottawa Division,Ontario,-26.0,-9.0,-2.0,-65.0,-56.0,20.0
271,2020-11-12,Ottawa Division,Ontario,-26.0,-3.0,-14.0,-62.0,-50.0,19.0
272,2020-11-13,Ottawa Division,Ontario,-30.0,-10.0,-12.0,-60.0,-48.0,20.0
273,2020-11-14,Ottawa Division,Ontario,-20.0,-1.0,37.0,-48.0,-4.0,6.0
274,2020-11-15,Ottawa Division,Ontario,-26.0,-8.0,-30.0,-56.0,-6.0,7.0
275,2020-11-16,Ottawa Division,Ontario,-31.0,-12.0,-24.0,-66.0,-54.0,19.0
276,2020-11-17,Ottawa Division,Ontario,-31.0,-12.0,-31.0,-65.0,-50.0,20.0
277,2020-11-18,Ottawa Division,Ontario,-32.0,-12.0,-30.0,-67.0,-51.0,20.0
278,2020-11-19,Ottawa Division,Ontario,-27.0,-6.0,-18.0,-64.0,-50.0,19.0
279,2020-11-20,Ottawa Division,Ontario,-29.0,-8.0,9.0,-61.0,-47.0,19.0
280,2020-11-21,Ottawa Division,Ontario,-19.0,1.0,24.0,-53.0,-3.0,7.0
281,2020-11-22,Ottawa Division,Ontario,-22.0,-1.0,-9.0,-57.0,-4.0,7.0
282,2020-11-23,Ottawa Division,Ontario,-33.0,-18.0,-26.0,-66.0,-54.0,20.0
283,2020-11-24,Ottawa Division,Ontario,-29.0,-10.0,-33.0,-66.0,-50.0,19.0
284,2020-11-25,Ottawa Division,Ontario,-39.0,-22.0,-36.0,-68.0,-52.0,21.0
285,2020-11-26,Ottawa Division,Ontario,-25.0,-5.0,-37.0,-65.0,-50.0,20.0
286,2020-11-27,Ottawa Division,Ontario,-25.0,-5.0,-21.0,-59.0,-46.0,19.0
287,2020-11-28,Ottawa Division,Ontario,-16.0,4.0,7.0,-48.0,-1.0,7.0
288,2020-11-29,Ottawa Division,Ontario,-14.0,6.0,40.0,-51.0,1.0,5.0
289,2020-11-30,Ottawa Division,Ontario,-28.0,-11.0,-38.0,-67.0,-53.0,19.0
290,2020-12-01,Ottawa Division,Ontario,-28.0,-4.0,-39.0,-66.0,-50.0,19.0
291,2020-12-02,Ottawa Division,Ontario,-31.0,-8.0,-31.0,-68.0,-50.0,20.0
292,2020-12-03,Ottawa Division,Ontario,-26.0,-2.0,-29.0,-64.0,-49.0,19.0
293,2020-12-04,Ottawa Division,Ontario,-32.0,-9.0,-28.0,-63.0,-46.0,20.0
294,2020-12-05,Ottawa Division,Ontario,-20.0,2.0,-6.0,-53.0,-3.0,7.0
295,2020-12-06,Ottawa Division,Ontario,-19.0,3.0,10.0,-57.0,0.0,6.0
296,2020-12-07,Ottawa Division,Ontario,-28.0,-7.0,-21.0,-67.0,-53.0,19.0
297,2020-12-08,Ottawa Division,Ontario,-29.0,-8.0,-31.0,-67.0,-49.0,19.0
298,2020-12-09,Ottawa Division,Ontario,-34.0,-11.0,-28.0,-68.0,-50.0,20.0
299,2020-12-10,Ottawa Division,Ontario,-25.0,0.0,-29.0,-64.0,-49.0,19.0
300,2020-12-11,Ottawa Division,Ontario,-27.0,-1.0,-14.0,-62.0,-45.0,19.0
301,2020-12-12,Ottawa Division,Ontario,-27.0,-3.0,-25.0,-55.0,-6.0,9.0
302,2020-12-13,Ottawa Division,Ontario,-20.0,2.0,-9.0,-58.0,-1.0,6.0
303,2020-12-14,Ottawa Division,Ontario,-27.0,-4.0,-26.0,-68.0,-53.0,19.0
304,2020-12-15,Ottawa Division,Ontario,-28.0,-6.0,-43.0,-67.0,-50.0,19.0
305,2020-12-16,Ottawa Division,Ontario,-30.0,-8.0,-45.0,-69.0,-50.0,20.0
306,2020-12-17,Ottawa Division,Ontario,-22.0,4.0,-36.0,-65.0,-49.0,19.0
307,2020-12-18,Ottawa Division,Ontario,-28.0,-3.0,-24.0,-62.0,-45.0,19.0
308,2020-12-19,Ottawa Division,Ontario,-20.0,5.0,-2.0,-50.0,-2.0,7.0
309,2020-12-20,Ottawa Division,Ontario,-21.0,2.0,5.0,-55.0,2.0,6.0
310,2020-12-21,Ottawa Division,Ontario,-8.0,25.0,-14.0,-65.0,-59.0,18.0
311,2020-12-22,Ottawa Division,Ontario,-9.0,30.0,-33.0,-65.0,-57.0,18.0
312,2020-12-23,Ottawa Division,Ontario,-9.0,40.0,-31.0,-66.0,-57.0,18.0
313,2020-12-24,Ottawa Division,Ontario,-26.0,28.0,-47.0,-70.0,-67.0,20.0
314,2020-12-25,Ottawa Division,Ontario,-88.0,-83.0,-49.0,-87.0,-85.0,28.0
315,2020-12-26,Ottawa Division,Ontario,-68.0,-50.0,-23.0,-74.0,-37.0,13.0
316,2020-12-27,Ottawa Division,Ontario,-53.0,-26.0,15.0,-69.0,-19.0,9.0
317,2020-12-28,Ottawa Division,Ontario,-53.0,-23.0,-28.0,-81.0,-78.0,27.0
318,2020-12-29,Ottawa Division,Ontario,-47.0,-10.0,-30.0,-77.0,-69.0,25.0
319,2020-12-30,Ottawa Division,Ontario,-46.0,-3.0,-26.0,-77.0,-69.0,26.0
320,2020-12-31,Ottawa Division,Ontario,-38.0,14.0,-16.0,-76.0,-71.0,25.0
321,2021-01-01,Ottawa Division,Ontario,-83.0,-77.0,-7.0,-86.0,-86.0,33.0
322,2021-01-02,Ottawa Division,Ontario,-54.0,-23.0,49.0,-65.0,-26.0,13.0
323,2021-01-03,Ottawa Division,Ontario,-48.0,-15.0,29.0,-65.0,-16.0,10.0
324,2021-01-04,Ottawa Division,Ontario,-47.0,-15.0,-24.0,-75.0,-62.0,23.0
325,2021-01-05,Ottawa Division,Ontario,-49.0,-17.0,-33.0,-73.0,-61.0,24.0
326,2021-01-06,Ottawa Division,Ontario,-50.0,-18.0,-33.0,-75.0,-60.0,24.0
327,2021-01-07,Ottawa Division,Ontario,-49.0,-15.0,-36.0,-74.0,-60.0,25.0
328,2021-01-08,Ottawa Division,Ontario,-52.0,-20.0,-27.0,-73.0,-57.0,25.0
329,2021-01-09,Ottawa Division,Ontario,-50.0,-13.0,25.0,-67.0,-20.0,12.0
330,2021-01-10,Ottawa Division,Ontario,-48.0,-14.0,25.0,-68.0,-17.0,9.0
331,2021-01-11,Ottawa Division,Ontario,-51.0,-20.0,-26.0,-76.0,-62.0,24.0
332,2021-01-12,Ottawa Division,Ontario,-50.0,-16.0,-33.0,-75.0,-60.0,24.0
333,2021-01-13,Ottawa Division,Ontario,-50.0,-16.0,-43.0,-75.0,-61.0,24.0
334,2021-01-14,Ottawa Division,Ontario,-57.0,-26.0,-46.0,-77.0,-64.0,26.0
335,2021-01-15,Ottawa Division,Ontario,-56.0,-20.0,-36.0,-76.0,-61.0,27.0
336,2021-01-16,Ottawa Division,Ontario,-66.0,-41.0,-6.0,-72.0,-33.0,15.0
337,2021-01-17,Ottawa Division,Ontario,-53.0,-21.0,12.0,-71.0,-25.0,11.0
338,2021-01-18,Ottawa Division,Ontario,-55.0,-27.0,-35.0,-78.0,-65.0,25.0
339,2021-01-19,Ottawa Division,Ontario,-56.0,-27.0,-44.0,-77.0,-64.0,25.0
340,2021-01-20,Ottawa Division,Ontario,-56.0,-26.0,-44.0,-78.0,-63.0,26.0
341,2021-01-21,Ottawa Division,Ontario,-57.0,-30.0,-44.0,-76.0,-64.0,26.0
342,2021-01-22,Ottawa Division,Ontario,-54.0,-21.0,-28.0,-75.0,-60.0,27.0
343,2021-01-23,Ottawa Division,Ontario,-54.0,-19.0,-18.0,-72.0,-27.0,13.0
344,2021-01-24,Ottawa Division,Ontario,-53.0,-21.0,-14.0,-74.0,-25.0,11.0
345,2021-01-25,Ottawa Division,Ontario,-55.0,-28.0,-37.0,-77.0,-65.0,25.0
346,2021-01-26,Ottawa Division,Ontario,-56.0,-27.0,-41.0,-77.0,-63.0,25.0
347,2021-01-27,Ottawa Division,Ontario,-55.0,-25.0,-32.0,-76.0,-63.0,25.0
348,2021-01-28,Ottawa Division,Ontario,-53.0,-22.0,-47.0,-76.0,-63.0,26.0
349,2021-01-29,Ottawa Division,Ontario,-55.0,-23.0,-43.0,-76.0,-60.0,27.0
350,2021-01-30,Ottawa Division,Ontario,-51.0,-15.0,3.0,-71.0,-25.0,13.0
351,2021-01-31,Ottawa Division,Ontario,-49.0,-15.0,18.0,-72.0,-22.0,10.0
352,2021-02-01,Ottawa Division,Ontario,-51.0,-20.0,-24.0,-76.0,-60.0,23.0
353,2021-02-02,Ottawa Division,Ontario,-53.0,-22.0,-33.0,-75.0,-59.0,23.0
354,2021-02-03,Ottawa Division,Ontario,-52.0,-20.0,-22.0,-76.0,-58.0,23.0
355,2021-02-04,Ottawa Division,Ontario,-48.0,-15.0,-10.0,-74.0,-58.0,23.0
356,2021-02-05,Ottawa Division,Ontario,-55.0,-25.0,-26.0,-75.0,-55.0,25.0
357,2021-02-06,Ottawa Division,Ontario,-49.0,-13.0,38.0,-71.0,-23.0,12.0
358,2021-02-07,Ottawa Division,Ontario,-50.0,-17.0,32.0,-73.0,-21.0,10.0
359,2021-02-08,Ottawa Division,Ontario,-52.0,-24.0,-25.0,-77.0,-60.0,22.0
360,2021-02-09,Ottawa Division,Ontario,-52.0,-21.0,-28.0,-75.0,-57.0,23.0
361,2021-02-10,Ottawa Division,Ontario,-52.0,-19.0,-25.0,-76.0,-57.0,23.0
362,2021-02-11,Ottawa Division,Ontario,-48.0,-13.0,-35.0,-74.0,-57.0,24.0
363,2021-02-12,Ottawa Division,Ontario,-52.0,-16.0,-39.0,-75.0,-55.0,25.0
364,2021-02-13,Ottawa Division,Ontario,-48.0,-4.0,-4.0,-70.0,-22.0,12.0
365,2021-02-14,Ottawa Division,Ontario,-37.0,6.0,77.0,-68.0,-13.0,8.0
366,2021-02-15,Ottawa Division,Ontario,-73.0,-61.0,12.0,-85.0,-83.0,29.0
367,2021-02-16,Ottawa Division,Ontario,-47.0,-21.0,-52.0,-72.0,-59.0,23.0
368,2021-02-17,Ottawa Division,Ontario,-36.0,-7.0,-28.0,-70.0,-53.0,20.0
369,2021-02-18,Ottawa Division,Ontario,-34.0,-9.0,-30.0,-69.0,-53.0,21.0
370,2021-02-19,Ottawa Division,Ontario,-40.0,-16.0,-27.0,-68.0,-49.0,21.0
371,2021-02-20,Ottawa Division,Ontario,-26.0,-3.0,46.0,-57.0,-8.0,8.0
372,2021-02-21,Ottawa Division,Ontario,-25.0,-2.0,62.0,-60.0,-5.0,6.0
373,2021-02-22,Ottawa Division,Ontario,-43.0,-22.0,-34.0,-73.0,-55.0,21.0
374,2021-02-23,Ottawa Division,Ontario,-38.0,-13.0,-40.0,-71.0,-53.0,21.0
375,2021-02-24,Ottawa Division,Ontario,-42.0,-21.0,-42.0,-72.0,-53.0,21.0
376,2021-02-25,Ottawa Division,Ontario,-35.0,-11.0,-35.0,-69.0,-52.0,21.0
377,2021-02-26,Ottawa Division,Ontario,-35.0,-8.0,-17.0,-66.0,-48.0,20.0
378,2021-02-27,Ottawa Division,Ontario,-35.0,-15.0,-10.0,-61.0,-10.0,9.0
379,2020-02-15,Toronto Division,Ontario,0.0,2.0,15.0,1.0,0.0,-1.0
380,2020-02-16,Toronto Division,Ontario,11.0,10.0,35.0,8.0,-4.0,-3.0
381,2020-02-17,Toronto Division,Ontario,-26.0,-45.0,49.0,-50.0,-76.0,17.0
382,2020-02-18,Toronto Division,Ontario,-3.0,11.0,-2.0,1.0,-1.0,0.0
383,2020-02-19,Toronto Division,Ontario,-1.0,3.0,-3.0,-2.0,0.0,1.0
384,2020-02-20,Toronto Division,Ontario,2.0,5.0,2.0,-1.0,2.0,0.0
385,2020-02-21,Toronto Division,Ontario,1.0,-1.0,20.0,2.0,-6.0,2.0
386,2020-02-22,Toronto Division,Ontario,8.0,8.0,56.0,13.0,7.0,-1.0
387,2020-02-23,Toronto Division,Ontario,9.0,7.0,64.0,13.0,3.0,-2.0
388,2020-02-24,Toronto Division,Ontario,1.0,2.0,22.0,-2.0,1.0,0.0
389,2020-02-25,Toronto Division,Ontario,1.0,5.0,5.0,2.0,1.0,0.0
390,2020-02-26,Toronto Division,Ontario,-10.0,-7.0,-13.0,-7.0,-4.0,3.0
391,2020-02-27,Toronto Division,Ontario,-8.0,-6.0,-13.0,-3.0,-3.0,3.0
392,2020-02-28,Toronto Division,Ontario,-5.0,-1.0,-8.0,-1.0,0.0,1.0
393,2020-02-29,Toronto Division,Ontario,3.0,8.0,16.0,3.0,7.0,-1.0
394,2020-03-01,Toronto Division,Ontario,5.0,12.0,28.0,4.0,4.0,-1.0
395,2020-03-02,Toronto Division,Ontario,0.0,6.0,2.0,0.0,3.0,0.0
396,2020-03-03,Toronto Division,Ontario,-2.0,3.0,-4.0,1.0,3.0,0.0
397,2020-03-04,Toronto Division,Ontario,3.0,5.0,3.0,0.0,2.0,0.0
398,2020-03-05,Toronto Division,Ontario,4.0,10.0,24.0,2.0,-1.0,1.0
399,2020-03-06,Toronto Division,Ontario,-4.0,-1.0,-4.0,-3.0,2.0,1.0
400,2020-03-07,Toronto Division,Ontario,7.0,8.0,50.0,8.0,7.0,-1.0
401,2020-03-08,Toronto Division,Ontario,8.0,9.0,102.0,8.0,3.0,-1.0
402,2020-03-09,Toronto Division,Ontario,1.0,5.0,48.0,-3.0,1.0,1.0
403,2020-03-10,Toronto Division,Ontario,-2.0,2.0,0.0,-5.0,0.0,1.0
404,2020-03-11,Toronto Division,Ontario,-2.0,5.0,-2.0,-6.0,-1.0,2.0
405,2020-03-12,Toronto Division,Ontario,-1.0,30.0,4.0,-8.0,-1.0,2.0
406,2020-03-13,Toronto Division,Ontario,-9.0,40.0,-13.0,-18.0,-9.0,5.0
407,2020-03-14,Toronto Division,Ontario,-17.0,23.0,1.0,-23.0,-3.0,4.0
408,2020-03-15,Toronto Division,Ontario,-20.0,11.0,38.0,-25.0,-10.0,4.0
409,2020-03-16,Toronto Division,Ontario,-23.0,19.0,-4.0,-45.0,-37.0,13.0
410,2020-03-17,Toronto Division,Ontario,-39.0,7.0,-4.0,-54.0,-46.0,17.0
411,2020-03-18,Toronto Division,Ontario,-45.0,-5.0,-12.0,-58.0,-52.0,21.0
412,2020-03-19,Toronto Division,Ontario,-48.0,-4.0,-3.0,-61.0,-54.0,22.0
413,2020-03-20,Toronto Division,Ontario,-53.0,-12.0,-17.0,-62.0,-57.0,24.0
414,2020-03-21,Toronto Division,Ontario,-56.0,-16.0,16.0,-56.0,-39.0,14.0
415,2020-03-22,Toronto Division,Ontario,-60.0,-27.0,-10.0,-60.0,-43.0,12.0
416,2020-03-23,Toronto Division,Ontario,-56.0,-22.0,-52.0,-69.0,-62.0,25.0
417,2020-03-24,Toronto Division,Ontario,-56.0,-18.0,-11.0,-69.0,-63.0,25.0
418,2020-03-25,Toronto Division,Ontario,-62.0,-29.0,-5.0,-72.0,-67.0,28.0
419,2020-03-26,Toronto Division,Ontario,-63.0,-28.0,-20.0,-72.0,-67.0,29.0
420,2020-03-27,Toronto Division,Ontario,-62.0,-27.0,1.0,-70.0,-67.0,29.0
421,2020-03-28,Toronto Division,Ontario,-67.0,-34.0,-43.0,-68.0,-51.0,18.0
422,2020-03-29,Toronto Division,Ontario,-66.0,-38.0,-10.0,-66.0,-51.0,14.0
423,2020-03-30,Toronto Division,Ontario,-64.0,-35.0,-46.0,-74.0,-69.0,28.0
424,2020-03-31,Toronto Division,Ontario,-61.0,-27.0,-41.0,-72.0,-69.0,27.0
425,2020-04-01,Toronto Division,Ontario,-60.0,-28.0,-9.0,-72.0,-69.0,28.0
426,2020-04-02,Toronto Division,Ontario,-61.0,-27.0,-11.0,-73.0,-68.0,29.0
427,2020-04-03,Toronto Division,Ontario,-64.0,-30.0,-40.0,-73.0,-68.0,30.0
428,2020-04-04,Toronto Division,Ontario,-65.0,-32.0,-29.0,-67.0,-51.0,18.0
429,2020-04-05,Toronto Division,Ontario,-67.0,-36.0,-11.0,-67.0,-52.0,14.0
430,2020-04-06,Toronto Division,Ontario,-63.0,-31.0,-15.0,-74.0,-69.0,27.0
431,2020-04-07,Toronto Division,Ontario,-64.0,-29.0,-29.0,-74.0,-69.0,28.0
432,2020-04-08,Toronto Division,Ontario,-62.0,-25.0,-14.0,-73.0,-70.0,28.0
433,2020-04-09,Toronto Division,Ontario,-56.0,-10.0,-39.0,-72.0,-70.0,28.0
434,2020-04-10,Toronto Division,Ontario,-84.0,-71.0,-38.0,-84.0,-88.0,39.0
435,2020-04-11,Toronto Division,Ontario,-64.0,-23.0,-27.0,-65.0,-53.0,18.0
436,2020-04-12,Toronto Division,Ontario,-82.0,-69.0,-21.0,-72.0,-58.0,16.0
437,2020-04-13,Toronto Division,Ontario,-67.0,-34.0,-55.0,-78.0,-73.0,30.0
438,2020-04-14,Toronto Division,Ontario,-62.0,-25.0,-39.0,-74.0,-69.0,28.0
439,2020-04-15,Toronto Division,Ontario,-63.0,-30.0,-44.0,-75.0,-70.0,29.0
440,2020-04-16,Toronto Division,Ontario,-64.0,-28.0,-42.0,-75.0,-69.0,30.0
441,2020-04-17,Toronto Division,Ontario,-65.0,-30.0,-42.0,-73.0,-69.0,31.0
442,2020-04-18,Toronto Division,Ontario,-65.0,-29.0,-13.0,-64.0,-48.0,17.0
443,2020-04-19,Toronto Division,Ontario,-69.0,-41.0,-38.0,-68.0,-49.0,15.0
444,2020-04-20,Toronto Division,Ontario,-62.0,-30.0,-16.0,-73.0,-68.0,27.0
445,2020-04-21,Toronto Division,Ontario,-65.0,-33.0,-51.0,-75.0,-69.0,28.0
446,2020-04-22,Toronto Division,Ontario,-62.0,-28.0,-30.0,-74.0,-68.0,29.0
447,2020-04-23,Toronto Division,Ontario,-63.0,-26.0,-36.0,-74.0,-68.0,29.0
448,2020-04-24,Toronto Division,Ontario,-64.0,-29.0,-29.0,-72.0,-67.0,30.0
449,2020-04-25,Toronto Division,Ontario,-63.0,-27.0,24.0,-61.0,-47.0,16.0
450,2020-04-26,Toronto Division,Ontario,-68.0,-40.0,-50.0,-69.0,-49.0,15.0
451,2020-04-27,Toronto Division,Ontario,-61.0,-26.0,12.0,-71.0,-67.0,26.0
452,2020-04-28,Toronto Division,Ontario,-61.0,-27.0,-17.0,-72.0,-68.0,27.0
453,2020-04-29,Toronto Division,Ontario,-62.0,-30.0,-40.0,-73.0,-68.0,29.0
454,2020-04-30,Toronto Division,Ontario,-61.0,-24.0,-28.0,-72.0,-68.0,29.0
455,2020-05-01,Toronto Division,Ontario,-60.0,-21.0,3.0,-68.0,-66.0,28.0
456,2020-05-02,Toronto Division,Ontario,-63.0,-27.0,-13.0,-60.0,-45.0,16.0
457,2020-05-03,Toronto Division,Ontario,-58.0,-25.0,76.0,-53.0,-40.0,11.0
458,2020-05-04,Toronto Division,Ontario,-60.0,-25.0,-12.0,-71.0,-66.0,26.0
459,2020-05-05,Toronto Division,Ontario,-58.0,-21.0,-4.0,-69.0,-66.0,26.0
460,2020-05-06,Toronto Division,Ontario,-58.0,-22.0,7.0,-69.0,-66.0,27.0
461,2020-05-07,Toronto Division,Ontario,-59.0,-21.0,-16.0,-70.0,-66.0,28.0
462,2020-05-08,Toronto Division,Ontario,-60.0,-22.0,-33.0,-69.0,-65.0,29.0
463,2020-05-09,Toronto Division,Ontario,-60.0,-23.0,-41.0,-63.0,-42.0,17.0
464,2020-05-10,Toronto Division,Ontario,-57.0,-24.0,-22.0,-59.0,-38.0,12.0
465,2020-05-11,Toronto Division,Ontario,-60.0,-29.0,-30.0,-71.0,-65.0,27.0
466,2020-05-12,Toronto Division,Ontario,-57.0,-22.0,-14.0,-69.0,-64.0,26.0
467,2020-05-13,Toronto Division,Ontario,-54.0,-19.0,25.0,-67.0,-64.0,26.0
468,2020-05-14,Toronto Division,Ontario,-57.0,-23.0,-33.0,-70.0,-64.0,28.0
469,2020-05-15,Toronto Division,Ontario,-56.0,-20.0,-21.0,-68.0,-64.0,28.0
470,2020-05-16,Toronto Division,Ontario,-53.0,-16.0,91.0,-49.0,-38.0,12.0
471,2020-05-17,Toronto Division,Ontario,-54.0,-20.0,14.0,-57.0,-38.0,11.0
472,2020-05-18,Toronto Division,Ontario,-76.0,-62.0,-44.0,-82.0,-85.0,33.0
473,2020-05-19,Toronto Division,Ontario,-50.0,-11.0,5.0,-66.0,-63.0,24.0
474,2020-05-20,Toronto Division,Ontario,-47.0,-10.0,63.0,-63.0,-62.0,24.0
475,2020-05-21,Toronto Division,Ontario,-48.0,-9.0,68.0,-64.0,-62.0,24.0
476,2020-05-22,Toronto Division,Ontario,-50.0,-14.0,64.0,-61.0,-60.0,24.0
477,2020-05-23,Toronto Division,Ontario,-48.0,-14.0,127.0,-45.0,-31.0,11.0
478,2020-05-24,Toronto Division,Ontario,-49.0,-21.0,102.0,-48.0,-31.0,9.0
479,2020-05-25,Toronto Division,Ontario,-47.0,-16.0,69.0,-63.0,-62.0,22.0
480,2020-05-26,Toronto Division,Ontario,-46.0,-14.0,68.0,-63.0,-60.0,22.0
481,2020-05-27,Toronto Division,Ontario,-46.0,-14.0,60.0,-63.0,-60.0,23.0
482,2020-05-28,Toronto Division,Ontario,-50.0,-18.0,-12.0,-66.0,-60.0,25.0
483,2020-05-29,Toronto Division,Ontario,-50.0,-17.0,-6.0,-63.0,-59.0,25.0
484,2020-05-30,Toronto Division,Ontario,-47.0,-13.0,68.0,-44.0,-24.0,11.0
485,2020-05-31,Toronto Division,Ontario,-46.0,-17.0,79.0,-46.0,-22.0,8.0
486,2020-06-01,Toronto Division,Ontario,-44.0,-12.0,78.0,-61.0,-58.0,21.0
487,2020-06-02,Toronto Division,Ontario,-46.0,-15.0,48.0,-62.0,-59.0,22.0
488,2020-06-03,Toronto Division,Ontario,-46.0,-15.0,51.0,-62.0,-59.0,23.0
489,2020-06-04,Toronto Division,Ontario,-45.0,-9.0,85.0,-61.0,-58.0,22.0
490,2020-06-05,Toronto Division,Ontario,-47.0,-14.0,46.0,-60.0,-57.0,23.0
491,2020-06-06,Toronto Division,Ontario,-44.0,-12.0,129.0,-44.0,-22.0,9.0
492,2020-06-07,Toronto Division,Ontario,-43.0,-16.0,135.0,-45.0,-22.0,7.0
493,2020-06-08,Toronto Division,Ontario,-42.0,-12.0,89.0,-60.0,-57.0,20.0
494,2020-06-09,Toronto Division,Ontario,-43.0,-12.0,95.0,-61.0,-57.0,20.0
495,2020-06-10,Toronto Division,Ontario,-43.0,-14.0,49.0,-62.0,-57.0,22.0
496,2020-06-11,Toronto Division,Ontario,-42.0,-8.0,85.0,-60.0,-56.0,22.0
497,2020-06-12,Toronto Division,Ontario,-43.0,-11.0,75.0,-58.0,-55.0,21.0
498,2020-06-13,Toronto Division,Ontario,-42.0,-11.0,131.0,-42.0,-17.0,8.0
499,2020-06-14,Toronto Division,Ontario,-41.0,-15.0,134.0,-43.0,-17.0,6.0
500,2020-06-15,Toronto Division,Ontario,-41.0,-12.0,91.0,-59.0,-56.0,20.0
501,2020-06-16,Toronto Division,Ontario,-40.0,-10.0,104.0,-59.0,-55.0,20.0
502,2020-06-17,Toronto Division,Ontario,-41.0,-11.0,97.0,-59.0,-56.0,21.0
503,2020-06-18,Toronto Division,Ontario,-40.0,-6.0,105.0,-59.0,-55.0,20.0
504,2020-06-19,Toronto Division,Ontario,-43.0,-9.0,96.0,-56.0,-54.0,19.0
505,2020-06-20,Toronto Division,Ontario,-42.0,-10.0,138.0,-40.0,-15.0,6.0
506,2020-06-21,Toronto Division,Ontario,-42.0,-17.0,113.0,-43.0,-12.0,4.0
507,2020-06-22,Toronto Division,Ontario,-43.0,-16.0,64.0,-61.0,-57.0,20.0
508,2020-06-23,Toronto Division,Ontario,-44.0,-15.0,28.0,-61.0,-57.0,21.0
509,2020-06-24,Toronto Division,Ontario,-37.0,-9.0,71.0,-57.0,-55.0,20.0
510,2020-06-25,Toronto Division,Ontario,-36.0,-5.0,96.0,-56.0,-54.0,19.0
511,2020-06-26,Toronto Division,Ontario,-38.0,-9.0,105.0,-53.0,-53.0,18.0
512,2020-06-27,Toronto Division,Ontario,-38.0,-11.0,113.0,-38.0,-15.0,7.0
513,2020-06-28,Toronto Division,Ontario,-36.0,-14.0,154.0,-35.0,-10.0,3.0
514,2020-06-29,Toronto Division,Ontario,-33.0,-7.0,101.0,-57.0,-55.0,17.0
515,2020-06-30,Toronto Division,Ontario,-24.0,14.0,109.0,-54.0,-54.0,15.0
516,2020-07-01,Toronto Division,Ontario,-56.0,-46.0,220.0,-66.0,-76.0,21.0
517,2020-07-02,Toronto Division,Ontario,-31.0,3.0,82.0,-57.0,-56.0,18.0
518,2020-07-03,Toronto Division,Ontario,-35.0,-4.0,92.0,-55.0,-57.0,18.0
519,2020-07-04,Toronto Division,Ontario,-36.0,-10.0,141.0,-39.0,-15.0,5.0
520,2020-07-05,Toronto Division,Ontario,-35.0,-14.0,129.0,-40.0,-13.0,3.0
521,2020-07-06,Toronto Division,Ontario,-33.0,-6.0,100.0,-57.0,-55.0,17.0
522,2020-07-07,Toronto Division,Ontario,-34.0,-6.0,95.0,-56.0,-55.0,17.0
523,2020-07-08,Toronto Division,Ontario,-34.0,-9.0,68.0,-57.0,-55.0,18.0
524,2020-07-09,Toronto Division,Ontario,-33.0,-2.0,87.0,-56.0,-54.0,18.0
525,2020-07-10,Toronto Division,Ontario,-36.0,-7.0,79.0,-55.0,-53.0,18.0
526,2020-07-11,Toronto Division,Ontario,-38.0,-11.0,30.0,-44.0,-15.0,8.0
527,2020-07-12,Toronto Division,Ontario,-32.0,-10.0,131.0,-37.0,-11.0,3.0
528,2020-07-13,Toronto Division,Ontario,-34.0,-8.0,86.0,-57.0,-54.0,17.0
529,2020-07-14,Toronto Division,Ontario,-33.0,-6.0,109.0,-56.0,-54.0,17.0
530,2020-07-15,Toronto Division,Ontario,-32.0,-8.0,101.0,-56.0,-53.0,17.0
531,2020-07-16,Toronto Division,Ontario,-36.0,-6.0,22.0,-59.0,-53.0,19.0
532,2020-07-17,Toronto Division,Ontario,-34.0,-5.0,109.0,-52.0,-52.0,16.0
533,2020-07-18,Toronto Division,Ontario,-34.0,-9.0,147.0,-35.0,-11.0,4.0
534,2020-07-19,Toronto Division,Ontario,-38.0,-16.0,66.0,-45.0,-15.0,4.0
535,2020-07-20,Toronto Division,Ontario,-31.0,-6.0,109.0,-56.0,-53.0,16.0
536,2020-07-21,Toronto Division,Ontario,-32.0,-5.0,110.0,-56.0,-52.0,16.0
537,2020-07-22,Toronto Division,Ontario,-36.0,-12.0,24.0,-59.0,-54.0,19.0
538,2020-07-23,Toronto Division,Ontario,-31.0,-2.0,105.0,-55.0,-52.0,17.0
539,2020-07-24,Toronto Division,Ontario,-34.0,-7.0,106.0,-53.0,-51.0,16.0
540,2020-07-25,Toronto Division,Ontario,-33.0,-9.0,156.0,-35.0,-12.0,3.0
541,2020-07-26,Toronto Division,Ontario,-33.0,-13.0,130.0,-37.0,-12.0,2.0
542,2020-07-27,Toronto Division,Ontario,-35.0,-10.0,60.0,-58.0,-54.0,17.0
543,2020-07-28,Toronto Division,Ontario,-32.0,-5.0,104.0,-55.0,-53.0,16.0
544,2020-07-29,Toronto Division,Ontario,-30.0,-7.0,85.0,-56.0,-54.0,17.0
545,2020-07-30,Toronto Division,Ontario,-28.0,-1.0,101.0,-54.0,-53.0,16.0
546,2020-07-31,Toronto Division,Ontario,-29.0,-4.0,105.0,-51.0,-52.0,14.0
547,2020-08-01,Toronto Division,Ontario,-32.0,-12.0,135.0,-34.0,-14.0,2.0
548,2020-08-02,Toronto Division,Ontario,-33.0,-16.0,23.0,-45.0,-18.0,4.0
549,2020-08-03,Toronto Division,Ontario,-43.0,-31.0,85.0,-69.0,-77.0,20.0
550,2020-08-04,Toronto Division,Ontario,-32.0,-7.0,13.0,-57.0,-55.0,17.0
551,2020-08-05,Toronto Division,Ontario,-26.0,-5.0,103.0,-53.0,-53.0,16.0
552,2020-08-06,Toronto Division,Ontario,-26.0,-3.0,111.0,-53.0,-52.0,16.0
553,2020-08-07,Toronto Division,Ontario,-30.0,-9.0,104.0,-51.0,-51.0,15.0
554,2020-08-08,Toronto Division,Ontario,-28.0,-11.0,162.0,-32.0,-10.0,2.0
555,2020-08-09,Toronto Division,Ontario,-28.0,-15.0,128.0,-35.0,-11.0,1.0
556,2020-08-10,Toronto Division,Ontario,-29.0,-11.0,91.0,-56.0,-53.0,15.0
557,2020-08-11,Toronto Division,Ontario,-29.0,-9.0,89.0,-55.0,-53.0,16.0
558,2020-08-12,Toronto Division,Ontario,-27.0,-10.0,102.0,-54.0,-53.0,16.0
559,2020-08-13,Toronto Division,Ontario,-27.0,-7.0,104.0,-53.0,-52.0,16.0
560,2020-08-14,Toronto Division,Ontario,-29.0,-10.0,100.0,-50.0,-51.0,14.0
561,2020-08-15,Toronto Division,Ontario,-27.0,-12.0,155.0,-31.0,-11.0,1.0
562,2020-08-16,Toronto Division,Ontario,-27.0,-15.0,79.0,-38.0,-13.0,2.0
563,2020-08-17,Toronto Division,Ontario,-31.0,-15.0,49.0,-56.0,-54.0,16.0
564,2020-08-18,Toronto Division,Ontario,-27.0,-9.0,93.0,-53.0,-52.0,15.0
565,2020-08-19,Toronto Division,Ontario,-27.0,-11.0,92.0,-53.0,-52.0,15.0
566,2020-08-20,Toronto Division,Ontario,-25.0,-4.0,106.0,-52.0,-51.0,15.0
567,2020-08-21,Toronto Division,Ontario,-29.0,-8.0,87.0,-50.0,-50.0,14.0
568,2020-08-22,Toronto Division,Ontario,-27.0,-11.0,141.0,-30.0,-9.0,2.0
569,2020-08-23,Toronto Division,Ontario,-26.0,-14.0,122.0,-33.0,-10.0,0.0
570,2020-08-24,Toronto Division,Ontario,-28.0,-10.0,86.0,-54.0,-52.0,15.0
571,2020-08-25,Toronto Division,Ontario,-26.0,-7.0,103.0,-52.0,-52.0,14.0
572,2020-08-26,Toronto Division,Ontario,-28.0,-12.0,49.0,-54.0,-51.0,16.0
573,2020-08-27,Toronto Division,Ontario,-26.0,-5.0,80.0,-52.0,-50.0,15.0
574,2020-08-28,Toronto Division,Ontario,-28.0,-8.0,79.0,-49.0,-50.0,14.0
575,2020-08-29,Toronto Division,Ontario,-26.0,-8.0,103.0,-32.0,-10.0,3.0
576,2020-08-30,Toronto Division,Ontario,-22.0,-11.0,142.0,-28.0,-9.0,0.0
577,2020-08-31,Toronto Division,Ontario,-24.0,-7.0,92.0,-51.0,-52.0,13.0
578,2020-09-01,Toronto Division,Ontario,-25.0,-6.0,95.0,-50.0,-52.0,14.0
579,2020-09-02,Toronto Division,Ontario,-25.0,-8.0,62.0,-53.0,-52.0,15.0
580,2020-09-03,Toronto Division,Ontario,-23.0,-4.0,92.0,-50.0,-50.0,14.0
581,2020-09-04,Toronto Division,Ontario,-24.0,-5.0,82.0,-48.0,-50.0,13.0
582,2020-09-05,Toronto Division,Ontario,-26.0,-11.0,100.0,-33.0,-12.0,2.0
583,2020-09-06,Toronto Division,Ontario,-19.0,-9.0,138.0,-28.0,-12.0,-1.0
584,2020-09-07,Toronto Division,Ontario,-53.0,-48.0,67.0,-71.0,-81.0,21.0
585,2020-09-08,Toronto Division,Ontario,-25.0,1.0,33.0,-53.0,-52.0,14.0
586,2020-09-09,Toronto Division,Ontario,-27.0,-7.0,43.0,-53.0,-51.0,15.0
587,2020-09-10,Toronto Division,Ontario,-25.0,-3.0,60.0,-51.0,-49.0,15.0
588,2020-09-11,Toronto Division,Ontario,-26.0,-7.0,68.0,-48.0,-48.0,14.0
589,2020-09-12,Toronto Division,Ontario,-22.0,-6.0,125.0,-30.0,-6.0,3.0
590,2020-09-13,Toronto Division,Ontario,-23.0,-10.0,85.0,-34.0,-10.0,3.0
591,2020-09-14,Toronto Division,Ontario,-26.0,-7.0,57.0,-53.0,-48.0,15.0
592,2020-09-15,Toronto Division,Ontario,-25.0,-6.0,63.0,-52.0,-48.0,15.0
593,2020-09-16,Toronto Division,Ontario,-26.0,-10.0,74.0,-51.0,-49.0,15.0
594,2020-09-17,Toronto Division,Ontario,-27.0,-5.0,60.0,-51.0,-48.0,15.0
595,2020-09-18,Toronto Division,Ontario,-28.0,-9.0,46.0,-49.0,-47.0,14.0
596,2020-09-19,Toronto Division,Ontario,-24.0,-7.0,92.0,-33.0,-7.0,4.0
597,2020-09-20,Toronto Division,Ontario,-23.0,-9.0,99.0,-34.0,-9.0,3.0
598,2020-09-21,Toronto Division,Ontario,-29.0,-9.0,55.0,-53.0,-49.0,15.0
599,2020-09-22,Toronto Division,Ontario,-29.0,-7.0,59.0,-52.0,-49.0,15.0
600,2020-09-23,Toronto Division,Ontario,-29.0,-9.0,68.0,-52.0,-48.0,15.0
601,2020-09-24,Toronto Division,Ontario,-30.0,-6.0,37.0,-52.0,-47.0,16.0
602,2020-09-25,Toronto Division,Ontario,-30.0,-7.0,61.0,-49.0,-46.0,14.0
603,2020-09-26,Toronto Division,Ontario,-25.0,-6.0,115.0,-32.0,-4.0,3.0
604,2020-09-27,Toronto Division,Ontario,-25.0,-8.0,108.0,-34.0,-7.0,2.0
605,2020-09-28,Toronto Division,Ontario,-32.0,-8.0,50.0,-54.0,-48.0,15.0
606,2020-09-29,Toronto Division,Ontario,-31.0,-6.0,33.0,-53.0,-48.0,15.0
607,2020-09-30,Toronto Division,Ontario,-32.0,-9.0,0.0,-54.0,-48.0,17.0
608,2020-10-01,Toronto Division,Ontario,-29.0,-1.0,32.0,-53.0,-45.0,16.0
609,2020-10-02,Toronto Division,Ontario,-33.0,-8.0,14.0,-51.0,-45.0,16.0
610,2020-10-03,Toronto Division,Ontario,-28.0,-7.0,66.0,-36.0,-7.0,6.0
611,2020-10-04,Toronto Division,Ontario,-33.0,-12.0,-12.0,-43.0,-14.0,6.0
612,2020-10-05,Toronto Division,Ontario,-32.0,-5.0,36.0,-54.0,-47.0,16.0
613,2020-10-06,Toronto Division,Ontario,-33.0,-6.0,39.0,-53.0,-47.0,15.0
614,2020-10-07,Toronto Division,Ontario,-34.0,-9.0,12.0,-55.0,-47.0,17.0
615,2020-10-08,Toronto Division,Ontario,-33.0,-3.0,14.0,-53.0,-46.0,17.0
616,2020-10-09,Toronto Division,Ontario,-31.0,1.0,40.0,-50.0,-45.0,15.0
617,2020-10-10,Toronto Division,Ontario,-35.0,-4.0,68.0,-39.0,-9.0,5.0
618,2020-10-11,Toronto Division,Ontario,-34.0,-5.0,48.0,-40.0,-12.0,3.0
619,2020-10-12,Toronto Division,Ontario,-66.0,-54.0,52.0,-75.0,-82.0,24.0
620,2020-10-13,Toronto Division,Ontario,-36.0,-2.0,51.0,-53.0,-49.0,16.0
621,2020-10-14,Toronto Division,Ontario,-36.0,-8.0,36.0,-54.0,-47.0,17.0
622,2020-10-15,Toronto Division,Ontario,-41.0,-13.0,-30.0,-56.0,-48.0,20.0
623,2020-10-16,Toronto Division,Ontario,-36.0,-5.0,32.0,-51.0,-45.0,17.0
624,2020-10-17,Toronto Division,Ontario,-31.0,-5.0,91.0,-37.0,-8.0,6.0
625,2020-10-18,Toronto Division,Ontario,-35.0,-12.0,39.0,-42.0,-15.0,7.0
626,2020-10-19,Toronto Division,Ontario,-40.0,-13.0,-18.0,-57.0,-49.0,18.0
627,2020-10-20,Toronto Division,Ontario,-36.0,-7.0,25.0,-54.0,-48.0,17.0
628,2020-10-21,Toronto Division,Ontario,-38.0,-12.0,12.0,-55.0,-48.0,19.0
629,2020-10-22,Toronto Division,Ontario,-38.0,-7.0,5.0,-54.0,-46.0,19.0
630,2020-10-23,Toronto Division,Ontario,-35.0,-8.0,69.0,-50.0,-45.0,16.0
631,2020-10-24,Toronto Division,Ontario,-33.0,-5.0,49.0,-38.0,-9.0,7.0
632,2020-10-25,Toronto Division,Ontario,-34.0,-11.0,30.0,-41.0,-15.0,6.0
633,2020-10-26,Toronto Division,Ontario,-39.0,-11.0,0.0,-56.0,-48.0,17.0
634,2020-10-27,Toronto Division,Ontario,-41.0,-14.0,-18.0,-56.0,-48.0,18.0
635,2020-10-28,Toronto Division,Ontario,-34.0,-6.0,25.0,-54.0,-46.0,17.0
636,2020-10-29,Toronto Division,Ontario,-37.0,-7.0,-8.0,-55.0,-46.0,18.0
637,2020-10-30,Toronto Division,Ontario,-37.0,-6.0,-10.0,-53.0,-45.0,17.0
638,2020-10-31,Toronto Division,Ontario,-31.0,-2.0,47.0,-36.0,-8.0,6.0
639,2020-11-01,Toronto Division,Ontario,-38.0,-12.0,-23.0,-45.0,-17.0,7.0
640,2020-11-02,Toronto Division,Ontario,-39.0,-13.0,-23.0,-57.0,-48.0,18.0
641,2020-11-03,Toronto Division,Ontario,-39.0,-10.0,-8.0,-55.0,-47.0,17.0
642,2020-11-04,Toronto Division,Ontario,-36.0,-11.0,34.0,-54.0,-47.0,18.0
643,2020-11-05,Toronto Division,Ontario,-36.0,-8.0,25.0,-54.0,-45.0,18.0
644,2020-11-06,Toronto Division,Ontario,-35.0,-8.0,46.0,-51.0,-44.0,17.0
645,2020-11-07,Toronto Division,Ontario,-29.0,-6.0,112.0,-33.0,-7.0,6.0
646,2020-11-08,Toronto Division,Ontario,-28.0,-8.0,115.0,-36.0,-11.0,4.0
647,2020-11-09,Toronto Division,Ontario,-36.0,-10.0,45.0,-55.0,-47.0,17.0
648,2020-11-10,Toronto Division,Ontario,-34.0,-7.0,63.0,-53.0,-46.0,16.0
649,2020-11-11,Toronto Division,Ontario,-35.0,-9.0,25.0,-56.0,-48.0,18.0
650,2020-11-12,Toronto Division,Ontario,-37.0,-6.0,11.0,-55.0,-45.0,18.0
651,2020-11-13,Toronto Division,Ontario,-38.0,-8.0,-4.0,-53.0,-45.0,18.0
652,2020-11-14,Toronto Division,Ontario,-33.0,-5.0,43.0,-41.0,-10.0,8.0
653,2020-11-15,Toronto Division,Ontario,-44.0,-22.0,-40.0,-51.0,-19.0,9.0
654,2020-11-16,Toronto Division,Ontario,-40.0,-14.0,-23.0,-59.0,-48.0,18.0
655,2020-11-17,Toronto Division,Ontario,-41.0,-13.0,-22.0,-58.0,-48.0,18.0
656,2020-11-18,Toronto Division,Ontario,-41.0,-15.0,-23.0,-59.0,-48.0,19.0
657,2020-11-19,Toronto Division,Ontario,-37.0,-8.0,3.0,-57.0,-46.0,19.0
658,2020-11-20,Toronto Division,Ontario,-34.0,-5.0,33.0,-54.0,-47.0,18.0
659,2020-11-21,Toronto Division,Ontario,-30.0,-2.0,11.0,-41.0,-8.0,8.0
660,2020-11-22,Toronto Division,Ontario,-42.0,-23.0,-34.0,-49.0,-17.0,9.0
661,2020-11-23,Toronto Division,Ontario,-51.0,-21.0,-28.0,-62.0,-50.0,20.0
662,2020-11-24,Toronto Division,Ontario,-49.0,-18.0,-25.0,-62.0,-50.0,20.0
663,2020-11-25,Toronto Division,Ontario,-49.0,-21.0,-30.0,-62.0,-49.0,21.0
664,2020-11-26,Toronto Division,Ontario,-44.0,-10.0,-9.0,-60.0,-48.0,20.0
665,2020-11-27,Toronto Division,Ontario,-45.0,-14.0,-8.0,-59.0,-47.0,20.0
666,2020-11-28,Toronto Division,Ontario,-43.0,-11.0,34.0,-49.0,-14.0,10.0
667,2020-11-29,Toronto Division,Ontario,-43.0,-15.0,42.0,-50.0,-19.0,8.0
668,2020-11-30,Toronto Division,Ontario,-48.0,-24.0,-49.0,-63.0,-50.0,20.0
669,2020-12-01,Toronto Division,Ontario,-51.0,-20.0,-28.0,-61.0,-51.0,21.0
670,2020-12-02,Toronto Division,Ontario,-46.0,-13.0,-16.0,-60.0,-49.0,20.0
671,2020-12-03,Toronto Division,Ontario,-45.0,-10.0,-13.0,-59.0,-48.0,20.0
672,2020-12-04,Toronto Division,Ontario,-49.0,-18.0,-30.0,-60.0,-48.0,21.0
673,2020-12-05,Toronto Division,Ontario,-45.0,-10.0,4.0,-49.0,-15.0,10.0
674,2020-12-06,Toronto Division,Ontario,-47.0,-16.0,9.0,-52.0,-21.0,8.0
675,2020-12-07,Toronto Division,Ontario,-48.0,-17.0,-23.0,-62.0,-49.0,19.0
676,2020-12-08,Toronto Division,Ontario,-47.0,-15.0,-14.0,-61.0,-49.0,19.0
677,2020-12-09,Toronto Division,Ontario,-50.0,-21.0,-29.0,-62.0,-50.0,21.0
678,2020-12-10,Toronto Division,Ontario,-46.0,-10.0,-13.0,-60.0,-48.0,20.0
679,2020-12-11,Toronto Division,Ontario,-45.0,-11.0,4.0,-58.0,-47.0,20.0
680,2020-12-12,Toronto Division,Ontario,-50.0,-18.0,-33.0,-55.0,-18.0,12.0
681,2020-12-13,Toronto Division,Ontario,-46.0,-14.0,2.0,-52.0,-20.0,8.0
682,2020-12-14,Toronto Division,Ontario,-47.0,-14.0,-23.0,-62.0,-50.0,19.0
683,2020-12-15,Toronto Division,Ontario,-46.0,-12.0,-22.0,-61.0,-50.0,19.0
684,2020-12-16,Toronto Division,Ontario,-49.0,-20.0,-42.0,-64.0,-50.0,21.0
685,2020-12-17,Toronto Division,Ontario,-45.0,-8.0,-21.0,-60.0,-49.0,21.0
686,2020-12-18,Toronto Division,Ontario,-45.0,-10.0,-12.0,-59.0,-48.0,20.0
687,2020-12-19,Toronto Division,Ontario,-46.0,-10.0,-6.0,-51.0,-16.0,11.0
688,2020-12-20,Toronto Division,Ontario,-45.0,-14.0,-5.0,-52.0,-20.0,9.0
689,2020-12-21,Toronto Division,Ontario,-39.0,-1.0,-4.0,-62.0,-54.0,19.0
690,2020-12-22,Toronto Division,Ontario,-37.0,7.0,-6.0,-61.0,-55.0,18.0
691,2020-12-23,Toronto Division,Ontario,-32.0,19.0,1.0,-60.0,-55.0,18.0
692,2020-12-24,Toronto Division,Ontario,-40.0,16.0,-30.0,-67.0,-67.0,23.0
693,2020-12-25,Toronto Division,Ontario,-84.0,-74.0,-2.0,-84.0,-86.0,32.0
694,2020-12-26,Toronto Division,Ontario,-68.0,-44.0,-1.0,-67.0,-43.0,15.0
695,2020-12-27,Toronto Division,Ontario,-56.0,-29.0,12.0,-60.0,-27.0,10.0
696,2020-12-28,Toronto Division,Ontario,-52.0,-16.0,-15.0,-75.0,-74.0,27.0
697,2020-12-29,Toronto Division,Ontario,-47.0,-8.0,5.0,-68.0,-64.0,23.0
698,2020-12-30,Toronto Division,Ontario,-47.0,-6.0,-33.0,-69.0,-64.0,25.0
699,2020-12-31,Toronto Division,Ontario,-41.0,11.0,5.0,-68.0,-67.0,25.0
700,2021-01-01,Toronto Division,Ontario,-80.0,-71.0,-4.0,-84.0,-86.0,34.0
701,2021-01-02,Toronto Division,Ontario,-58.0,-23.0,14.0,-62.0,-32.0,15.0
702,2021-01-03,Toronto Division,Ontario,-58.0,-27.0,-9.0,-61.0,-27.0,12.0
703,2021-01-04,Toronto Division,Ontario,-53.0,-18.0,-22.0,-66.0,-55.0,22.0
704,2021-01-05,Toronto Division,Ontario,-53.0,-17.0,-21.0,-66.0,-55.0,22.0
705,2021-01-06,Toronto Division,Ontario,-54.0,-21.0,-23.0,-67.0,-55.0,23.0
706,2021-01-07,Toronto Division,Ontario,-53.0,-15.0,-12.0,-66.0,-54.0,24.0
707,2021-01-08,Toronto Division,Ontario,-55.0,-20.0,-19.0,-66.0,-53.0,24.0
708,2021-01-09,Toronto Division,Ontario,-51.0,-14.0,28.0,-57.0,-20.0,13.0
709,2021-01-10,Toronto Division,Ontario,-54.0,-21.0,6.0,-60.0,-25.0,11.0
710,2021-01-11,Toronto Division,Ontario,-55.0,-22.0,-25.0,-68.0,-55.0,22.0
711,2021-01-12,Toronto Division,Ontario,-55.0,-20.0,-27.0,-68.0,-55.0,22.0
712,2021-01-13,Toronto Division,Ontario,-53.0,-18.0,-23.0,-68.0,-55.0,22.0
713,2021-01-14,Toronto Division,Ontario,-61.0,-27.0,-25.0,-70.0,-57.0,25.0
714,2021-01-15,Toronto Division,Ontario,-60.0,-29.0,-32.0,-70.0,-57.0,25.0
715,2021-01-16,Toronto Division,Ontario,-57.0,-21.0,22.0,-63.0,-26.0,14.0
716,2021-01-17,Toronto Division,Ontario,-59.0,-28.0,0.0,-64.0,-30.0,12.0
717,2021-01-18,Toronto Division,Ontario,-59.0,-28.0,-22.0,-70.0,-58.0,23.0
718,2021-01-19,Toronto Division,Ontario,-59.0,-27.0,-27.0,-70.0,-58.0,23.0
719,2021-01-20,Toronto Division,Ontario,-59.0,-30.0,-34.0,-71.0,-58.0,25.0
720,2021-01-21,Toronto Division,Ontario,-57.0,-22.0,-21.0,-70.0,-56.0,24.0
721,2021-01-22,Toronto Division,Ontario,-58.0,-25.0,-33.0,-69.0,-56.0,25.0
722,2021-01-23,Toronto Division,Ontario,-55.0,-19.0,-2.0,-62.0,-25.0,14.0
723,2021-01-24,Toronto Division,Ontario,-58.0,-26.0,-6.0,-64.0,-29.0,11.0
724,2021-01-25,Toronto Division,Ontario,-57.0,-24.0,-12.0,-70.0,-57.0,23.0
725,2021-01-26,Toronto Division,Ontario,-66.0,-41.0,-37.0,-71.0,-59.0,25.0
726,2021-01-27,Toronto Division,Ontario,-57.0,-24.0,-22.0,-69.0,-57.0,24.0
727,2021-01-28,Toronto Division,Ontario,-58.0,-25.0,-38.0,-70.0,-56.0,25.0
728,2021-01-29,Toronto Division,Ontario,-57.0,-24.0,-38.0,-69.0,-56.0,25.0
729,2021-01-30,Toronto Division,Ontario,-53.0,-15.0,20.0,-61.0,-23.0,13.0
730,2021-01-31,Toronto Division,Ontario,-57.0,-25.0,-17.0,-64.0,-28.0,11.0
731,2021-02-01,Toronto Division,Ontario,-57.0,-25.0,-32.0,-70.0,-57.0,23.0
732,2021-02-02,Toronto Division,Ontario,-57.0,-24.0,-29.0,-70.0,-57.0,23.0
733,2021-02-03,Toronto Division,Ontario,-56.0,-24.0,-17.0,-70.0,-56.0,23.0
734,2021-02-04,Toronto Division,Ontario,-54.0,-17.0,-2.0,-69.0,-55.0,23.0
735,2021-02-05,Toronto Division,Ontario,-58.0,-27.0,-42.0,-70.0,-55.0,25.0
736,2021-02-06,Toronto Division,Ontario,-55.0,-19.0,-22.0,-63.0,-23.0,14.0
737,2021-02-07,Toronto Division,Ontario,-56.0,-25.0,-10.0,-63.0,-27.0,11.0
738,2021-02-08,Toronto Division,Ontario,-58.0,-27.0,-34.0,-70.0,-57.0,23.0
739,2021-02-09,Toronto Division,Ontario,-56.0,-23.0,-24.0,-69.0,-56.0,23.0
740,2021-02-10,Toronto Division,Ontario,-56.0,-23.0,-30.0,-70.0,-56.0,24.0
741,2021-02-11,Toronto Division,Ontario,-53.0,-16.0,-25.0,-69.0,-55.0,23.0
742,2021-02-12,Toronto Division,Ontario,-55.0,-20.0,-36.0,-69.0,-55.0,24.0
743,2021-02-13,Toronto Division,Ontario,-54.0,-14.0,-28.0,-63.0,-24.0,13.0
744,2021-02-14,Toronto Division,Ontario,-45.0,-8.0,32.0,-58.0,-23.0,9.0
745,2021-02-15,Toronto Division,Ontario,-71.0,-53.0,3.0,-82.0,-82.0,30.0
746,2021-02-16,Toronto Division,Ontario,-60.0,-24.0,-38.0,-68.0,-57.0,23.0
747,2021-02-17,Toronto Division,Ontario,-53.0,-16.0,-24.0,-66.0,-52.0,22.0
748,2021-02-18,Toronto Division,Ontario,-57.0,-21.0,-35.0,-67.0,-52.0,23.0
749,2021-02-19,Toronto Division,Ontario,-56.0,-22.0,-26.0,-65.0,-51.0,23.0
750,2021-02-20,Toronto Division,Ontario,-51.0,-13.0,21.0,-59.0,-19.0,12.0
751,2021-02-21,Toronto Division,Ontario,-51.0,-17.0,30.0,-60.0,-22.0,10.0
752,2021-02-22,Toronto Division,Ontario,-58.0,-28.0,-37.0,-67.0,-54.0,22.0
753,2021-02-23,Toronto Division,Ontario,-53.0,-18.0,-24.0,-66.0,-52.0,21.0
754,2021-02-24,Toronto Division,Ontario,-53.0,-20.0,-20.0,-66.0,-52.0,22.0
755,2021-02-25,Toronto Division,Ontario,-52.0,-15.0,-11.0,-65.0,-51.0,22.0
756,2021-02-26,Toronto Division,Ontario,-50.0,-14.0,-6.0,-63.0,-49.0,21.0
757,2021-02-27,Toronto Division,Ontario,-49.0,-13.0,21.0,-56.0,-17.0,11.0
